t,object-id,object-name,is-collision,is-pass
0.0,9,gate,0,1
1.9666666666666648,0,gate,0,1
3.31666666666666,1,gate,1,0
3.8333333333333246,0,wall,1,0
6.249999999999982,2,wall,1,0
