t,object-id,object-name,is-collision,is-pass
-1.97,7,gate,0,1
-0.06999999999999873,3,gate,0,1
0.18999999999999728,9,gate,0,1
1.7099999999999649,0,gate,0,1
2.9599999999999387,1,gate,0,1
3.939999999999918,2,gate,0,1
5.759999999999878,3,gate,0,1
6.029999999999872,4,gate,0,1
7.58999999999984,5,gate,0,1
8.699999999999816,6,gate,1,0
9.839999999999792,7,gate,0,1
11.319999999999759,0,wall,1,0
