t,object-id,object-name,is-collision,is-pass
-0.10999999999999877,8,gate,0,1
0.19999999999999707,9,gate,0,1
1.979999999999959,0,gate,0,1
3.289999999999932,1,gate,0,1
4.3199999999999115,2,gate,0,1
6.109999999999872,3,gate,0,1
6.429999999999866,4,gate,0,1
8.17999999999983,5,gate,0,1
9.499999999999801,6,gate,1,0
10.729999999999773,7,gate,0,1
