t,object-id,object-name,is-collision,is-pass
0.0,9,gate,0,1
2.1833333333333305,0,gate,0,1
3.866666666666658,1,gate,0,1
7.733333333333311,4,wall,1,0
7.899999999999977,0,wall,1,0
