time-since-start [s],object-id,object-name,is-collision,is-pass
0.0,9,gate,0,1
1.783333333333332,0,gate,0,1
3.3499999999999934,3,wall,1,0
5.099999999999987,3,wall,1,0
8.700000000000014,4,wall,1,0
