t,object-id,object-name,is-collision,is-pass
-0.10999999999999877,8,gate,0,1
0.19999999999999707,9,gate,0,1
1.979999999999959,0,gate,0,1
3.2799999999999314,1,gate,1,0
4.299999999999911,2,gate,0,1
6.109999999999872,3,gate,0,1
6.429999999999866,4,gate,0,1
8.149999999999826,5,gate,0,1
9.489999999999801,6,gate,1,0
10.739999999999773,7,gate,0,1
