t,object-id,object-name,is-collision,is-pass
0.0,9,gate,0,1
1.9666666666666648,0,gate,0,1
3.2833333333333266,1,gate,1,0
4.049999999999991,0,wall,1,0
6.349999999999982,2,wall,1,0
