t,object-id,object-name,is-collision,is-pass
0.0,9,gate,0,1
1.899999999999998,0,gate,0,1
3.5499999999999923,3,wall,1,0
8.249999999999991,4,wall,1,0
12.666666666666876,0,wall,1,0
