time-since-start [s],object-id,object-name,is-collision,is-pass
0.0,9,gate,0,1
1.816666666666665,0,gate,0,1
3.36666666666666,3,wall,1,0
4.983333333333321,3,wall,1,0
9.816666666666734,4,wall,1,0
