time-since-start [s],object-id,object-name,is-collision,is-pass
0.0,9,gate,0,1
1.783333333333332,0,gate,0,1
3.4499999999999926,3,wall,1,0
4.866666666666656,3,wall,1,0
7.999999999999977,4,wall,1,0
