t,object-id,object-name,is-collision,is-pass
0.1,9,gate,0,1
2.449999999999996,4,wall,1,0
2.599999999999996,3,wall,1,0
2.833333333333328,0,wall,1,0
