t,object-id,object-name,is-collision,is-pass
0.0,9,gate,0,1
1.8833333333333315,0,gate,0,1
3.5166666666666586,3,wall,1,0
8.633333333333344,4,wall,1,0
