t,object-id,object-name,is-collision,is-pass
-0.10999999999999877,8,gate,0,1
0.19999999999999707,9,gate,0,1
1.979999999999959,0,gate,0,1
3.289999999999932,1,gate,0,1
4.3299999999999095,2,gate,1,0
6.099999999999873,3,gate,0,1
6.429999999999866,4,gate,0,1
8.189999999999829,5,gate,0,1
9.5199999999998,6,gate,1,0
10.749999999999773,7,gate,0,1
12.529999999999735,8,gate,0,1
12.979999999999723,9,gate,0,1
16.780000000000136,2,gate,0,1
25.89000000000156,8,gate,0,1
26.250000000001613,9,gate,0,1
