t,object-id,object-name,is-collision,is-pass
0.0,9,gate,0,1
2.2666666666666635,0,gate,0,1
5.999999999999983,0,wall,1,0
6.749999999999981,4,wall,1,0
