t,object-id,object-name,is-collision,is-pass
-1.97,7,gate,0,1
-0.06999999999999873,3,gate,0,1
0.18999999999999728,9,gate,0,1
1.6999999999999649,0,gate,0,1
2.9299999999999384,1,gate,0,1
3.939999999999918,2,gate,0,1
5.769999999999879,3,gate,0,1
6.049999999999873,4,gate,0,1
7.57999999999984,5,gate,1,0
8.349999999999826,0,wall,1,0
9.819999999999792,7,gate,1,0
11.139999999999766,0,wall,1,0
