time-since-start [s],object-id,object-name,is-collision,is-pass
1.9930169582366977,0,gate,0,1
3.2790031433105504,1,gate,0,1
4.606004714965825,2,gate,0,1
8.541994810104379,5,gate,0,1
9.907036542892461,6,gate,0,1
11.27505683898926,7,gate,0,1
