t,object-id,object-name,is-collision,is-pass
-1.89,7,gate,0,1
-0.07999999999999874,8,gate,0,1
0.21999999999999664,9,gate,0,1
1.8799999999999608,0,gate,0,1
3.2999999999999314,1,gate,1,0
4.279999999999911,2,gate,0,1
5.949999999999875,3,gate,0,1
6.269999999999867,4,gate,0,1
7.7599999999998355,5,gate,0,1
8.869999999999811,6,gate,0,1
