time-since-start [s],object-id,object-name,is-collision,is-pass
0.1,9,gate,0,1
2.116666666666664,0,gate,0,1
3.4999999999999925,1,gate,0,1
4.683333333333322,2,gate,0,1
6.016666666666651,0,wall,1,0
