t,object-id,object-name,is-collision,is-pass
-0.06999999999999873,8,gate,0,1
0.21999999999999664,9,gate,0,1
1.92999999999996,0,gate,0,1
2.1299999999999555,0,wall,1,0
