t,object-id,object-name,is-collision,is-pass
-1.92,7,gate,0,1
-0.07999999999999874,8,gate,0,1
0.20999999999999688,9,gate,0,1
2.749999999999943,0,wall,1,0
