t,object-id,object-name,is-collision,is-pass
-0.06999999999999873,8,gate,0,1
0.21999999999999664,9,gate,0,1
1.9099999999999608,0,gate,0,1
2.159999999999956,0,wall,1,0
