t,object-id,object-name,is-collision,is-pass
-0.12999999999999878,8,gate,0,1
0.17999999999999705,9,gate,0,1
1.92999999999996,0,gate,1,0
3.1299999999999337,1,gate,1,0
4.119999999999914,2,gate,0,1
5.949999999999875,3,gate,0,1
6.279999999999868,4,gate,0,1
7.949999999999832,5,gate,1,0
9.219999999999805,6,gate,0,1
10.379999999999779,7,gate,1,0
