t,object-id,object-name,is-collision,is-pass
-1.86,7,gate,0,1
-0.05999999999999873,8,gate,0,1
0.21999999999999664,9,gate,0,1
1.8199999999999623,0,gate,0,1
3.889999999999919,2,gate,1,0
4.0499999999999154,0,wall,1,0
5.739999999999879,3,gate,1,0
6.039999999999872,4,gate,1,0
7.1499999999998485,0,wall,1,0
