time-since-start [s],object-id,object-name,is-collision,is-pass
0.0,9,gate,0,1
1.7999999999999985,0,gate,0,1
3.3999999999999932,3,wall,1,0
4.899999999999988,3,wall,1,0
8.283333333333324,4,wall,1,0
