t,object-id,object-name,is-collision,is-pass
-0.10999999999999877,8,gate,0,1
0.19999999999999707,9,gate,0,1
1.979999999999959,0,gate,0,1
3.2799999999999314,1,gate,0,1
4.3199999999999115,2,gate,1,0
6.099999999999873,3,gate,0,1
6.419999999999865,4,gate,0,1
8.17999999999983,5,gate,0,1
9.499999999999801,6,gate,1,0
10.749999999999773,7,gate,0,1
12.529999999999735,8,gate,0,1
12.939999999999724,9,gate,0,1
14.649999999999805,0,wall,1,0
