t,object-id,object-name,is-collision,is-pass
-1.97,7,gate,0,1
-0.07999999999999874,8,gate,0,1
0.23999999999999624,9,gate,0,1
1.5699999999999683,0,wall,1,0
