t,object-id,object-name,is-collision,is-pass
0.02,9,gate,0,1
2.1299999999999986,0,gate,0,1
3.46999999999997,1,gate,0,1
4.779999999999943,2,gate,0,1
6.549999999999906,3,gate,0,1
6.899999999999897,4,gate,0,1
