t,object-id,object-name,is-collision,is-pass
-1.96,7,gate,0,1
-0.11999999999999875,8,gate,0,1
0.20999999999999688,9,gate,0,1
2.009999999999959,0,gate,0,1
3.349999999999929,1,gate,0,1
4.439999999999907,2,gate,0,1
6.479999999999863,3,gate,0,1
6.819999999999857,4,gate,0,1
8.56999999999982,5,gate,0,1
9.889999999999793,6,gate,0,1
11.419999999999757,7,gate,1,0
