t,object-id,object-name,is-collision,is-pass
-1.86,7,gate,0,1
-0.05999999999999873,8,gate,0,1
0.20999999999999688,9,gate,0,1
1.1799999999999762,0,wall,1,0
