t,object-id,object-name,is-collision,is-pass
-0.10999999999999877,8,gate,0,1
0.19999999999999707,9,gate,0,1
1.979999999999959,0,gate,0,1
3.2799999999999314,1,gate,0,1
4.309999999999911,2,gate,1,0
6.099999999999873,3,gate,0,1
6.429999999999866,4,gate,0,1
8.17999999999983,5,gate,0,1
9.5099999999998,6,gate,1,0
10.749999999999773,7,gate,0,1
12.509999999999735,8,gate,0,1
12.949999999999724,9,gate,0,1
14.74999999999982,0,gate,0,1
15.029999999999864,0,wall,1,0
