time-since-start [s],object-id,object-name,is-collision,is-pass
0.0,9,gate,0,1
1.7999999999999985,0,gate,0,1
3.5499999999999923,3,wall,1,0
4.8333333333333215,3,wall,1,0
8.249999999999991,4,wall,1,0
