t,object-id,object-name,is-collision,is-pass
-0.06999999999999873,8,gate,0,1
0.21999999999999664,9,gate,0,1
1.91999999999996,0,gate,0,1
2.119999999999957,0,wall,1,0
