t,object-id,object-name,is-collision,is-pass
0.1,9,gate,0,1
2.149999999999997,0,gate,0,1
2.833333333333328,0,wall,1,0
4.19999999999999,5,wall,1,0
