time-since-start [s],object-id,object-name,is-collision,is-pass
0.0,9,gate,0,1
1.816666666666665,0,gate,0,1
1.816666666666665,0,gate,1,0
3.5166666666666586,3,wall,1,0
4.599999999999988,3,wall,1,0
8.633333333333344,4,wall,1,0
