t,object-id,object-name,is-collision,is-pass
0.0,9,gate,0,1
2.249999999999997,0,gate,0,1
4.349999999999991,1,gate,1,0
7.399999999999978,4,wall,1,0
7.583333333333313,0,wall,1,0
