t,object-id,object-name,is-collision,is-pass
0.02,9,gate,0,1
2.1699999999999977,0,gate,0,1
3.4899999999999696,1,gate,0,1
5.309999999999931,0,wall,1,0
6.28999999999991,5,wall,1,0
