t,object-id,object-name,is-collision,is-pass
-1.77,7,gate,0,1
-0.06999999999999873,8,gate,0,1
0.21999999999999664,9,gate,0,1
1.92999999999996,0,gate,0,1
4.079999999999916,2,gate,0,1
4.499999999999907,0,wall,1,0
5.739999999999879,3,gate,1,0
6.059999999999873,4,gate,0,1
8.57999999999982,6,gate,1,0
9.579999999999798,0,wall,1,0
