t,object-id,object-name,is-collision,is-pass
0.02,9,gate,0,1
2.199999999999997,0,gate,0,1
2.7199999999999855,0,wall,1,0
3.239999999999975,3,wall,1,0
