t,object-id,object-name,is-collision,is-pass
0.0,9,gate,0,1
1.8833333333333315,0,gate,0,1
3.3333333333333264,3,wall,1,0
8.45,4,wall,1,0
13.083333333333563,0,wall,1,0
