t,object-id,object-name,is-collision,is-pass
-1.97,7,gate,0,1
-0.06999999999999873,3,gate,0,1
0.18999999999999728,9,gate,0,1
1.6799999999999655,0,gate,0,1
2.939999999999938,1,gate,0,1
3.9499999999999176,2,gate,0,1
5.769999999999879,3,gate,0,1
6.049999999999873,4,gate,0,1
7.58999999999984,5,gate,1,0
8.109999999999829,0,wall,1,0
9.809999999999793,7,gate,1,0
11.099999999999769,0,wall,1,0
