time-since-start [s],object-id,object-name,is-collision,is-pass
0.0,9,gate,0,1
1.783333333333332,0,gate,0,1
3.3333333333333264,3,wall,1,0
5.533333333333318,3,wall,1,0
8.666666666666679,4,wall,1,0
