t,object-id,object-name,is-collision,is-pass
-0.10999999999999877,8,gate,0,1
0.19999999999999707,9,gate,0,1
1.989999999999959,0,gate,0,1
3.289999999999932,1,gate,1,0
4.3199999999999115,2,gate,1,0
6.099999999999873,3,gate,0,1
6.429999999999866,4,gate,0,1
8.17999999999983,5,gate,0,1
9.5099999999998,6,gate,1,0
10.739999999999773,7,gate,0,1
12.539999999999734,8,gate,0,1
12.969999999999724,9,gate,0,1
14.909999999999846,0,wall,1,0
