t,object-id,object-name,is-collision,is-pass
-0.10999999999999877,8,gate,0,1
0.19999999999999707,9,gate,0,1
1.979999999999959,0,gate,0,1
3.289999999999932,1,gate,1,0
4.3199999999999115,2,gate,1,0
6.099999999999873,3,gate,0,1
6.439999999999862,4,gate,0,1
8.199999999999829,5,gate,0,1
9.5299999999998,6,gate,1,0
10.759999999999774,7,gate,0,1
12.559999999999736,8,gate,0,1
12.899999999999723,9,gate,0,1
16.72000000000013,2,gate,0,1
25.97000000000157,8,gate,0,1
26.32000000000163,9,gate,0,1
