t,object-id,object-name,is-collision,is-pass
1.9000000000000012,8,gate,0,1
2.2199999999999966,9,gate,0,1
4.179999999999955,0,gate,0,1
5.529999999999927,1,gate,0,1
6.809999999999898,2,gate,0,1
8.519999999999861,3,gate,0,1
8.849999999999856,4,gate,0,1
10.769999999999817,5,gate,0,1
12.129999999999786,6,gate,0,1
13.569999999999757,7,gate,0,1
15.149999999999721,8,gate,0,1
