t,object-id,object-name,is-collision,is-pass
-0.11999999999999875,8,gate,0,1
0.20999999999999688,9,gate,0,1
2.079999999999957,0,gate,0,1
3.3599999999999293,1,gate,0,1
4.349999999999909,2,gate,0,1
6.099999999999873,3,gate,0,1
6.409999999999865,4,gate,0,1
8.129999999999827,5,gate,0,1
9.389999999999803,6,gate,0,1
10.559999999999777,7,gate,0,1
