t,object-id,object-name,is-collision,is-pass
-0.10999999999999877,8,gate,0,1
0.19999999999999707,9,gate,0,1
1.979999999999959,0,gate,0,1
3.2799999999999314,1,gate,1,0
4.28999999999991,2,gate,1,0
6.099999999999873,3,gate,0,1
6.429999999999866,4,gate,0,1
8.129999999999827,5,gate,0,1
9.479999999999801,6,gate,1,0
10.739999999999773,7,gate,0,1
