t,object-id,object-name,is-collision,is-pass
-1.97,7,gate,0,1
-0.06999999999999873,3,gate,0,1
0.18999999999999728,9,gate,0,1
1.7099999999999649,0,gate,0,1
2.9599999999999387,1,gate,0,1
3.9499999999999176,2,gate,1,0
5.749999999999878,3,gate,0,1
6.029999999999872,4,gate,0,1
7.329999999999845,0,wall,1,0
10.919999999999769,0,wall,1,0
