time-since-start [s],object-id,object-name,is-collision,is-pass
0.0,9,gate,0,1
1.816666666666665,0,gate,0,1
3.4166666666666594,3,wall,1,0
4.799999999999988,3,wall,1,0
8.133333333333317,4,wall,1,0
