time-since-start [s],object-id,object-name,is-collision,is-pass
0.0,9,gate,0,1
1.7333333333333316,0,gate,0,1
1.816666666666665,0,gate,0,1
3.2333333333333267,3,wall,1,0
5.783333333333317,3,wall,1,0
8.216666666666653,4,wall,1,0
