t,object-id,object-name,is-collision,is-pass
0.1,9,gate,0,1
2.0166666666666644,0,gate,0,1
2.4333333333333296,0,wall,1,0
2.6833333333333287,3,wall,1,0
