t,object-id,object-name,is-collision,is-pass
0.02,9,gate,0,1
2.149999999999998,0,gate,0,1
3.4299999999999713,3,wall,1,0
3.8399999999999617,0,wall,1,0
