time-since-start [s],object-id,object-name,is-collision,is-pass
0.0,9,gate,0,1
1.9999999999999976,0,gate,0,1
3.36666666666666,1,gate,0,1
4.683333333333322,2,gate,0,1
8.65000000000001,5,gate,0,1
9.983333333333407,6,gate,0,1
13.000000000000224,8,gate,0,1
