t,object-id,object-name,is-collision,is-pass
-1.86,7,gate,0,1
-0.05999999999999873,8,gate,0,1
0.21999999999999664,9,gate,0,1
2.059999999999958,0,wall,1,0
