t,object-id,object-name,is-collision,is-pass
0.02,9,gate,0,1
2.149999999999998,0,gate,0,1
3.45999999999997,1,gate,0,1
4.469999999999949,1,wall,1,0
4.529999999999948,5,wall,1,0
