t,object-id,object-name,is-collision,is-pass
0.0,9,gate,0,1
1.949999999999998,0,gate,0,1
3.1333333333333266,3,wall,1,0
8.049999999999981,4,wall,1,0
