t,object-id,object-name,is-collision,is-pass
-1.88,7,gate,0,1
-0.07999999999999874,8,gate,0,1
0.20999999999999688,9,gate,0,1
1.8399999999999617,0,gate,0,1
3.069999999999937,1,gate,0,1
5.859999999999879,3,gate,0,1
6.1999999999998705,4,gate,0,1
7.859999999999834,5,gate,0,1
9.169999999999806,6,gate,1,0
10.339999999999778,7,gate,0,1
