t,object-id,object-name,is-collision,is-pass
0.02,9,gate,0,1
2.1699999999999977,0,gate,0,1
3.4299999999999713,0,wall,1,0
5.189999999999934,5,wall,1,0
