time-since-start [s],object-id,object-name,is-collision,is-pass
0.02,9,gate,0,1
2.199999999999997,0,gate,0,1
3.46999999999997,1,gate,0,1
4.779999999999943,2,gate,0,1
6.549999999999906,3,gate,0,1
