t,object-id,object-name,is-collision,is-pass
-1.86,7,gate,0,1
-0.05999999999999873,8,gate,0,1
0.21999999999999664,9,gate,0,1
1.8099999999999623,0,gate,0,1
3.879999999999919,2,gate,0,1
5.759999999999878,3,gate,0,1
6.059999999999873,4,gate,0,1
7.56999999999984,0,wall,1,0
10.349999999999778,0,wall,1,0
