time-since-start [s],object-id,object-name,is-collision,is-pass
0.0,9,gate,0,1
1.783333333333332,0,gate,0,1
3.3333333333333264,3,wall,1,0
4.949999999999988,3,wall,1,0
8.45,4,wall,1,0
12.966666666666892,3,wall,1,0
13.10000000000023,0,wall,1,0
