time-since-start [s],object-id,object-name,is-collision,is-pass
0.1,9,gate,0,1
2.13333333333333,0,gate,0,1
5.983333333333317,1,wall,1,0
6.716666666666647,1,wall,1,0
7.433333333333312,0,wall,1,0
