t,object-id,object-name,is-collision,is-pass
-1.86,7,gate,0,1
-0.05999999999999873,8,gate,0,1
0.21999999999999664,9,gate,0,1
1.7499999999999636,0,gate,1,0
1.93999999999996,0,wall,1,0
