t,object-id,object-name,is-collision,is-pass
-1.86,7,gate,0,1
-0.05999999999999873,8,gate,0,1
0.21999999999999664,9,gate,0,1
1.8099999999999623,0,gate,0,1
3.889999999999919,2,gate,0,1
5.769999999999879,3,gate,0,1
6.069999999999872,4,gate,1,0
7.419999999999844,0,wall,1,0
10.269999999999783,0,wall,1,0
