t,object-id,object-name,is-collision,is-pass
-0.12999999999999878,8,gate,0,1
0.20999999999999688,9,gate,0,1
1.8799999999999608,0,gate,0,1
4.059999999999914,2,gate,1,0
5.869999999999878,3,gate,0,1
6.159999999999871,4,gate,0,1
7.769999999999835,5,gate,0,1
8.949999999999811,6,gate,0,1
10.119999999999786,7,gate,0,1
