time-since-start [s],object-id,object-name,is-collision,is-pass
0.0,9,gate,0,1
1.9470245838165356,0,gate,0,1
3.2790031433105504,1,gate,0,1
4.606004714965825,2,gate,0,1
6.3630037307739284,3,gate,0,1
6.377001762390139,3,gate,0,1
6.703970193862919,4,gate,0,1
8.57000303268433,5,gate,0,1
9.907036542892461,6,gate,0,1
11.319007635116579,7,gate,0,1
12.913020133972173,8,gate,0,1
