t,object-id,object-name,is-collision,is-pass
0.0,9,gate,0,1
2.0166666666666644,0,gate,0,1
3.36666666666666,1,gate,0,1
4.683333333333322,2,gate,0,1
6.449999999999982,3,gate,0,1
6.7833333333333155,4,gate,0,1
8.65000000000001,5,gate,0,1
9.983333333333407,6,gate,0,1
11.400000000000146,7,gate,0,1
13.000000000000224,8,gate,0,1
