t,object-id,object-name,is-collision,is-pass
-0.12999999999999878,8,gate,0,1
0.20999999999999688,9,gate,0,1
1.849999999999962,0,gate,0,1
3.1299999999999337,1,gate,1,0
4.0499999999999154,2,gate,0,1
5.879999999999876,3,gate,0,1
6.16999999999987,4,gate,0,1
7.749999999999836,5,gate,0,1
8.939999999999811,6,gate,0,1
10.119999999999786,7,gate,0,1
