t,object-id,object-name,is-collision,is-pass
-0.08999999999999875,8,gate,0,1
0.20999999999999688,9,gate,0,1
1.93999999999996,0,gate,0,1
3.1199999999999344,1,gate,1,0
4.129999999999914,2,gate,0,1
5.919999999999876,3,gate,0,1
6.219999999999869,4,gate,0,1
7.9099999999998305,5,gate,0,1
9.149999999999807,6,gate,0,1
10.319999999999784,7,gate,0,1
