t,object-id,object-name,is-collision,is-pass
0.0,9,gate,0,1
1.949999999999998,0,gate,0,1
3.2333333333333267,3,wall,1,0
7.783333333333311,4,wall,1,0
