t,object-id,object-name,is-collision,is-pass
-0.08999999999999875,8,gate,0,1
0.21999999999999664,9,gate,0,1
2.079999999999957,0,gate,1,0
3.389999999999929,1,gate,0,1
4.569999999999904,2,gate,0,1
6.369999999999867,3,gate,0,1
6.689999999999862,4,gate,0,1
8.329999999999824,5,gate,1,0
9.769999999999797,6,gate,0,1
