t,object-id,object-name,is-collision,is-pass
-0.10999999999999877,8,gate,0,1
0.19999999999999707,9,gate,0,1
1.989999999999959,0,gate,0,1
3.289999999999932,1,gate,1,0
4.309999999999911,2,gate,1,0
6.089999999999873,3,gate,0,1
6.419999999999865,4,gate,0,1
8.17999999999983,5,gate,0,1
9.5099999999998,6,gate,1,0
10.749999999999773,7,gate,0,1
12.519999999999735,8,gate,0,1
12.959999999999724,9,gate,0,1
16.750000000000128,2,gate,0,1
25.920000000001565,8,gate,0,1
26.27000000000162,9,gate,0,1
