t,object-id,object-name,is-collision,is-pass
-1.77,7,gate,0,1
-0.05999999999999873,8,gate,0,1
0.22999999999999646,9,gate,0,1
2.469999999999949,0,wall,1,0
